Actual_T_max,Predicted_T_max,Absolute_Error
43.99308050816701,44.099167693902494,0.10608718573548259
52.71915855961783,51.53862194493877,1.1805366146790632
42.62639009838604,41.20227098849217,1.4241191098938728
44.68659138985292,47.60398939208098,2.9173980022280617
46.31908617967518,45.92566774475628,0.3934184349188996
46.77359762707427,46.34011624874243,0.43348137833183387
45.57403205054151,46.52939159482724,0.9553595442857272
48.20009938679,48.89588283416151,0.695783447371511
41.08410736600743,41.74041785315575,0.6563104871483176
48.51233175982801,49.312610789447355,0.8002790296193467
